site_id,genomic_coordinates,ref_allele,alt_allele,core_sequence,edit_position,secondary_structure,free_energy,gc_content_total,gc_content_5bp,gc_content_10bp,u_content,oligonucleotide_sequence,oligo_length,edit_in_oligo,edit_pos_in_oligo,complementarity_score,has_strong_complementarity,structure_stability,prediction_method,retrieval_status
13:32340301,13:32340301-32340301,G,A,CTTGTGGGATTTTTAGCACAGCAAGTGGAAAATCTGTCCAGGTATCAGATG,26,,-9.2,43.13725490196079,45.45454545454545,47.61904761904761,0,ACAGCAAGTGGAAAATCTGT,20,TRUE,9,0.8,TRUE,Medium,ViennaRNA,Success
1:216247118,1:216247118-216247118,G,A,CTCACACTGCCCAGAGTGAGGATTGCAGAATTTGTTCACTGAGCCATGGAG,26,,-9.6,50.98039215686274,36.36363636363637,38.095238095238095,0,GAGGATTGCAGAATTTGTTC,20,TRUE,9,0.6,TRUE,Medium,ViennaRNA,Success
12:112472981,12:112472981-112472981,G,A,CAGGAGTGCAAACTTCTCTACAGCCGAAAAGAGGGTCAAAGGCAAGAAAAC,26,.,-8.8,47.05882352941176,54.54545454545454,52.38095238095239,0,CTCTACAGCCGAAAAGAGGG,20,TRUE,11,0.6,TRUE,Medium,ViennaRNA,Success
11:64759751,11:64759751-64759751,G,A,TGGGCCAGAGCAAAGTAGTAGTCTCGTGGGGTGGCCACATTGCGGTCCTTT,26,.,-13,56.86274509803921,72.72727272727273,61.904761904761905,0,TAGTAGTCTCGTGGGGTGGC,20,TRUE,11,0,FALSE,High,ViennaRNA,Success
12:101753470,12:101753470-101753470,G,A,GGAACATGGATTCATAGAAGTCCCTGAGAACAGCCTTCACTGTCTGAGCAT,26,.......,-9.6,47.05882352941176,54.54545454545454,52.38095238095239,0,AAGTCCCTGAGAACAGCCTT,20,TRUE,9,0.8,TRUE,Medium,ViennaRNA,Success
11:22221100,11:22221100-22221100,G,A,GTGTCATTTATGTCTCCTGCAGTTTCAAAAAAATCAGCAAAGCAAAGATTC,26,...........,-2,35.294117647058826,18.181818181818183,33.33333333333333,0,CTCCTGCAGTTTCAAAAAAA,20,TRUE,13,0.4,FALSE,Low,ViennaRNA,Success
12:32802557,12:32802557-32802557,G,A,CTGTCTGAGCCACTGATGTCGGCATCTGTTTTGTGAGACATATCCTATAAG,26,.,-8.9,45.09803921568628,45.45454545454545,42.857142857142854,0,GTCGGCATCTGTTTTGTGAG,20,TRUE,9,0.4,FALSE,Medium,ViennaRNA,Success
17:75522000,17:75522000-75522000,G,A,CGAGCAGATCTCCTTCCCCAACATGGCTTCAGACAGCCGCCACACCCTTCT,26,.,-5.4,58.82352941176471,45.45454545454545,57.14285714285714,0,CCCCAACATGGCTTCAGACA,20,TRUE,11,0.2,FALSE,Medium,ViennaRNA,Success
13:32337326,13:32337326-32337326,G,A,ACCAGAAAAAAATAATGATTACATGAACAAATGGGCAGGACTCTTAGGTCC,26,.,-6.2,37.254901960784316,27.27272727272727,38.095238095238095,0,AATGATTACATGAACAAATG,20,TRUE,13,0.4,FALSE,Medium,ViennaRNA,Success
15:71811481,15:71811481-71811481,G,A,GGCCCAGCCCTGCCCCCTGCCCCTCAGGCGTGAGCCCCTCGCTCCAGTGCC,26,,-11.7,78.43137254901961,72.72727272727273,76.19047619047619,0,CCTGCCCCTCAGGCGTGAGC,20,TRUE,11,0.4,FALSE,High,ViennaRNA,Success
11:5226943,11:5226943-5226943,G,A,CTTGATACCAACCTGCCCAGGGCCTCACCACCAACTTCATCCACGTTCACC,26,..............,-2.1,56.86274509803921,72.72727272727273,66.66666666666666,0,TGCCCAGGGCCTCACCACCA,20,TRUE,13,0.4,FALSE,Low,ViennaRNA,Success
11:5226929,11:5226929-5226929,G,A,ACCTGTCTTGTAACCTTGATACCAACCTGCCCAGGGCCTCACCACCAACTT,26,....,-4.6,52.94117647058824,63.63636363636363,57.14285714285714,0,GATACCAACCTGCCCAGGGC,20,TRUE,9,0.2,FALSE,Low,ViennaRNA,Success
16:89546657,16:89546657-89546657,G,A,TGTCTTTCCTCCCCTGGTTCTGGCAGGAGAGGCGGGAGATTTTTGAGCAGC,26,.,-15.6,56.86274509803921,63.63636363636363,71.42857142857143,0,TTCTGGCAGGAGAGGCGGGA,20,TRUE,9,0.6,TRUE,High,ViennaRNA,Success
17:43093054,17:43093054-43093054,G,A,TCCCAATGGATACTTAAAGCCTTCTGTGTCATTTCTATTATCTTTGGAACA,26,........,-5.6,35.294117647058826,45.45454545454545,38.095238095238095,0,AAAGCCTTCTGTGTCATTTC,20,TRUE,11,0.4,FALSE,Medium,ViennaRNA,Success
12:112473031,12:112473031-112473031,G,A,CAAAAACAAAAATAGATATAAAAACATCCTGCCCTGTAAGTATCAATATTC,26,..............,-2.2,27.450980392156865,36.36363636363637,38.095238095238095,0,ATAAAAACATCCTGCCCTGT,20,TRUE,9,0.4,FALSE,Low,ViennaRNA,Success
11:108271261,11:108271261-108271261,G,A,TTTTTTTTACCACAGCAATGTGTGTTCTTTGTATCGTCGTGACCAAGATGT,26,........,-6.4,37.254901960784316,36.36363636363637,38.095238095238095,0,AGCAATGTGTGTTCTTTGTA,20,TRUE,13,0.6,TRUE,Medium,ViennaRNA,Success
7:5986899,7:5986899-5986899,G,A,GCTTTATTCGTTTAGCTAAAGAACTCATAGAAAAGTCCAGGGGCACAACTT,26,.........,-3.9,39.21568627450981,36.36363636363637,28.57142857142857,0,CTAAAGAACTCATAGAAAAG,20,TRUE,11,0.4,FALSE,Low,ViennaRNA,Success
11:2768881,11:2768881-2768881,G,A,CCATCGGGCCACCATTAAGGTCATTCGACGCATGCAGTACTTTGTGGCCAA,26,......,-11.7,52.94117647058824,54.54545454545454,47.61904761904761,0,TAAGGTCATTCGACGCATGC,20,TRUE,11,0.4,FALSE,High,ViennaRNA,Success
X:154031022,X:154031022-154031022,G,A,TGCCACCACACTCCCCGGCTTTCGGCCCCGTTTCTTGGGAATGGCCTGAGG,26,.,-11.8,64.70588235294117,72.72727272727273,61.904761904761905,0,CGGCTTTCGGCCCCGTTTCT,20,TRUE,11,0.2,FALSE,High,ViennaRNA,Success
2:47403214,2:47403214-47403214,G,A,GACATGGCGGTGCAGCCGAAGGAGACGCTGCAGTTGGAGAGCGCGGCCGAG,26,.....,-14.7,68.62745098039215,72.72727272727273,61.904761904761905,0,AGCCGAAGGAGACGCTGCAG,20,TRUE,13,0.2,FALSE,High,ViennaRNA,Success
21:44289773,21:44289773-44289773,G,A,CAGCAGTGGCCCGAAGCCTCTGGTTCGAGCCAAGGGAGCCCAGGGCGCTGC,26,..,-24.2,70.58823529411765,63.63636363636363,66.66666666666666,0,GCCTCTGGTTCGAGCCAAGG,20,TRUE,11,0.4,FALSE,High,ViennaRNA,Success
7:5982849,7:5982849-5982849,G,A,GCTATGAGCCTCTGCCCCTGGAGCACGGTGTGCTGCTGCAGCATCTCGAAG,26,.,-12.9,62.745098039215684,63.63636363636363,71.42857142857143,0,GCCCCTGGAGCACGGTGTGC,20,TRUE,13,0.6,TRUE,High,ViennaRNA,Success
11:22236206,11:22236206-22236206,G,A,AGATGTCCTTTTGGCATAGAAGATGGGAAGAAAAGGTTTGGGATTGAAAGA,26,......,-4.2,39.21568627450981,45.45454545454545,38.095238095238095,0,ATAGAAGATGGGAAGAAAAG,20,TRUE,11,0.2,FALSE,Low,ViennaRNA,Success
17:43093460,17:43093460-43093460,G,A,TCTGGGAAAGTATCGCTGTCATGTCTTTTACTTGTCTGTTCATTTGGCTTG,26,...,-3.7,41.17647058823529,27.27272727272727,38.095238095238095,0,CGCTGTCATGTCTTTTACTT,20,TRUE,13,0.2,FALSE,Low,ViennaRNA,Success
17:31229954,17:31229954-31229954,G,A,ATCTAGGGCAAGCTAGCATTGAAACAATGATGTTAAATCTGGTCAGGTAAG,26,,-8.1,39.21568627450981,27.27272727272727,28.57142857142857,0,ATTGAAACAATGATGTTAAA,20,TRUE,9,0.6,TRUE,Medium,ViennaRNA,Success
11:108289689,11:108289689-108289689,G,A,TAAGAAGCACAGAATTCTTAAAATATATCACCTGTTTGTTAGTTTATTACT,26,,-3.6,25.49019607843137,18.181818181818183,23.809523809523807,0,TTAAAATATATCACCTGTTT,20,TRUE,9,0.4,FALSE,Low,ViennaRNA,Success
2:214809537,2:214809537-214809537,G,A,GCTCGTTCCCGGAGCGGATCCTCGGCTGCCGGTTCCTCGGCTGCCGATTAT,26,,-22.7,66.66666666666666,81.81818181818183,71.42857142857143,0,GGATCCTCGGCTGCCGGTTC,20,TRUE,11,0.6,TRUE,High,ViennaRNA,Success
19:11105407,19:11105407-11105407,G,A,CCTGCATCCCCCAGCTGTGGGCCTGCGACAACGACCCCGACTGCGAAGATG,26,....,-9.2,66.66666666666666,63.63636363636363,66.66666666666666,0,TGGGCCTGCGACAACGACCC,20,TRUE,9,0.6,TRUE,Medium,ViennaRNA,Success
1:45331467,1:45331467-45331467,G,A,GTGGCTGGGAGGGGCCCAGCCCAACGCTGTAGTTCCTGCAGCAGGGCCTTG,26,..,-23.2,68.62745098039215,54.54545454545454,61.904761904761905,0,AGCCCAACGCTGTAGTTCCT,20,TRUE,9,0.4,FALSE,High,ViennaRNA,Success
13:32339483,13:32339483-32339483,G,A,ACCAGAAAGAATAAATACTGCAGATTATGTAGGAAATTATTTGTATGAAAA,26,..,-7.8,25.49019607843137,27.27272727272727,33.33333333333333,0,AATACTGCAGATTATGTAGG,20,TRUE,13,0.6,TRUE,Medium,ViennaRNA,Success
13:32380085,13:32380085-32380085,G,A,CAGCAAATTTTTAGATCCAGACTTTCAGCCATCTTGTTCTGAGGTGGACCT,26,............................,-7.6,43.13725490196079,45.45454545454545,47.61904761904761,0,GATCCAGACTTTCAGCCATC,20,TRUE,13,0.6,TRUE,Medium,ViennaRNA,Success
19:12897824,19:12897824-12897824,G,A,GATTTCTGACGAGTATCACGTGATCCGGCACGCCATGAACCTGGAGGCCGT,26,,-9.8,56.86274509803921,63.63636363636363,61.904761904761905,0,TCACGTGATCCGGCACGCCA,20,TRUE,11,0.6,TRUE,Medium,ViennaRNA,Success
11:47342697,11:47342697-47342697,G,A,GTGTCTCTGCCCGTCCTTCTTGAACCGGTATTTGAAGGTCTCCTCCCGGGT,26,........,-9.7,56.86274509803921,45.45454545454545,38.095238095238095,0,TCCTTCTTGAACCGGTATTT,20,TRUE,13,0.2,FALSE,Medium,ViennaRNA,Success
3:38551022,3:38551022-38551022,G,A,TCGAAGTCGTCCTCACTCAGGGGCTCGGTGCTCTCCTCCGTGGCCACGCTG,26,....,-11.5,66.66666666666666,81.81818181818183,71.42857142857143,0,CTCAGGGGCTCGGTGCTCTC,20,TRUE,11,0.4,FALSE,High,ViennaRNA,Success
13:32337274,13:32337274-32337274,G,A,TGACTCTAGGTCAAGATTTAAAATCGGACATCTCCTTGAATATAGATAAAA,26,,-5.2,31.372549019607842,36.36363636363637,33.33333333333333,0,AGATTTAAAATCGGACATCT,20,TRUE,13,0.8,TRUE,Medium,ViennaRNA,Success
3:38579416,3:38579416-38579416,G,A,AGATGCACTGGCCTCGGCCTCAGAGGAGGCAGTCGCTGACACCTGGCTCCA,26,.........,-15.7,64.70588235294117,63.63636363636363,71.42857142857143,0,GGCCTCAGAGGAGGCAGTCG,20,TRUE,11,0.6,TRUE,High,ViennaRNA,Success
5:112780865,5:112780865-112780865,G,A,GCAAATCAGAGTTGCGATGGAAGAACAACTAGGTACCTGCCAGGATATGGA,26,....,-5.5,47.05882352941176,27.27272727272727,42.857142857142854,0,GCGATGGAAGAACAACTAGG,20,TRUE,13,0.4,FALSE,Medium,ViennaRNA,Success
7:5977629,7:5977629-5977629,G,A,CTGGAGGCAAACATCTGCTTGACTCGGGAAGGCCGGCACATGACCCCAGGG,26,,-12.4,62.745098039215684,63.63636363636363,66.66666666666666,0,TGCTTGACTCGGGAAGGCCG,20,TRUE,11,0.2,FALSE,High,ViennaRNA,Success
1:45331833,1:45331833-45331833,G,A,CCGAGGGAGGCAGGCACAGGTGGCACTGTCCAGTGTTGGGAGCTGGGAACG,26,,-12.9,66.66666666666666,63.63636363636363,57.14285714285714,0,ACAGGTGGCACTGTCCAGTG,20,TRUE,11,0.2,FALSE,High,ViennaRNA,Success
13:32337141,13:32337141-32337141,G,A,ATTTTCAAGAACTCTACCATGGTTTTATATGGAGACACAGGTGATAAACAA,26,..............,-7.2,33.33333333333333,27.27272727272727,38.095238095238095,0,ACCATGGTTTTATATGGAGA,20,TRUE,11,0.2,FALSE,Medium,ViennaRNA,Success
2:178539675,2:178539675-178539675,G,A,ATATTCCAGTGGCCCTTCTGGACTGTTGGGACTTCCTATCACCCTGACCTT,26,....,-10.4,50.98039215686274,54.54545454545454,52.38095238095239,0,CCTTCTGGACTGTTGGGACT,20,TRUE,13,0.4,FALSE,High,ViennaRNA,Success
21:31667290,21:31667290-31667290,G,A,GGAGACTTGGGCAATGTGACTGCTGACAAAGATGGTGTGGCCGATGTGTCT,26,,-11.1,52.94117647058824,45.45454545454545,47.61904761904761,0,ATGTGACTGCTGACAAAGAT,20,TRUE,13,0.6,TRUE,High,ViennaRNA,Success
1:63402348,1:63402348-63402348,G,A,TAGTCTCCTATGTGCATATGTGTAAGTTTTTCTTTCTTAATGTAACTCTAA,26,............,-1.9,29.411764705882355,18.181818181818183,23.809523809523807,0,ATATGTGTAAGTTTTTCTTT,20,TRUE,11,0.4,FALSE,Low,ViennaRNA,Success
11:108229171,11:108229171-108229171,G,A,AGTTTCTGAAATTGCATTTTGTTTTCTTGAAGATTTTTACAGAAATATATT,26,.,-5.6,21.568627450980394,27.27272727272727,19.047619047619047,0,ATTTTGTTTTCTTGAAGATT,20,TRUE,11,0.6,TRUE,Medium,ViennaRNA,Success
2:178576311,2:178576311-178576311,G,A,TACTTTTTGATGCTCCACGACATAGCCAGTGATTTCAAGTCCACCATCATA,26,.......,-2.8,41.17647058823529,54.54545454545454,47.61904761904761,0,TCCACGACATAGCCAGTGAT,20,TRUE,13,0.6,TRUE,Low,ViennaRNA,Success
16:89740842,16:89740842-89740842,G,A,TGTGACGACAGCAGGCCCATCAAGGAGAAGAAGAAAAGGAAAACCAATAGC,26,,-1.4,47.05882352941176,45.45454545454545,42.857142857142854,0,CCCATCAAGGAGAAGAAGAA,20,TRUE,11,0.4,FALSE,Low,ViennaRNA,Success
2:178564174,2:178564174-178564174,G,A,GTAGATTTAATTTCCATTCTAGCAGCTGTTTCTTCAAGTTCTTTTCCATCT,26,.,-1,33.33333333333333,45.45454545454545,38.095238095238095,0,TCTAGCAGCTGTTTCTTCAA,20,TRUE,9,0.4,FALSE,Low,ViennaRNA,Success
2:178580188,2:178580188-178580188,G,A,CAGGTAACATAAGCAGAGTCTTTGGATATTTCCTTAACAGTCACATTGACA,26,.................,-5.2,37.254901960784316,18.181818181818183,33.33333333333333,0,GAGTCTTTGGATATTTCCTT,20,TRUE,11,0.4,FALSE,Medium,ViennaRNA,Success
2:178539823,2:178539823-178539823,G,A,GTTTCAGATGTTGCAATCATGGCACGCTTACTAATATCCTGGCCTTCCTTG,26,,-4.3,45.09803921568628,63.63636363636363,38.095238095238095,0,ATCATGGCACGCTTACTAAT,20,TRUE,11,0.6,TRUE,Low,ViennaRNA,Success
11:112088901,11:112088901-112088901,G,A,AGGCTGCATCTCTCCACTGGACTAGCGAGAGGGTTGTCAGTGTTTTGCTCC,26,..,-11.2,54.90196078431373,54.54545454545454,57.14285714285714,0,CCACTGGACTAGCGAGAGGG,20,TRUE,13,0.4,FALSE,High,ViennaRNA,Success
5:112828864,5:112828864-112828864,G,A,AATTGATTAATTTGCAGGTTATTGCGAGTGTTTTGAGGAATTTGTCTTGGC,26,.........,-7.2,35.294117647058826,45.45454545454545,38.095238095238095,0,GTTATTGCGAGTGTTTTGAG,20,TRUE,9,0.4,FALSE,Medium,ViennaRNA,Success
7:5987205,7:5987205-5987205,G,A,AGCCCCTGTCCCCTGGGGAGCTGGCCGCATACTCGCTGCTGCAGTGACTGC,26,.,-16.1,68.62745098039215,63.63636363636363,71.42857142857143,0,GGGAGCTGGCCGCATACTCG,20,TRUE,11,0.2,FALSE,High,ViennaRNA,Success
2:178717336,2:178717336-178717336,G,A,AAGTACCACTTTCTCCAAGAGCAAGATCTACTGATACAGGCTTTAGATCAA,26,...........,-6.2,39.21568627450981,45.45454545454545,38.095238095238095,0,AGAGCAAGATCTACTGATAC,20,TRUE,9,0.4,FALSE,Medium,ViennaRNA,Success
2:47799427,2:47799427-47799427,G,A,GGTGCAGAAGGGCTATAAAGTAGCACGAGTGGAACAGACTGAGACTCCAGA,26,...........,-6.2,50.98039215686274,54.54545454545454,42.857142857142854,0,TATAAAGTAGCACGAGTGGA,20,TRUE,13,0.4,FALSE,Medium,ViennaRNA,Success
2:47410198,2:47410198-47410198,G,A,GTGTTAAAATGTCCGCAGTTGATGGCCAGAGACAGGTTGGAGTTGGGTATG,26,,-5.6,49.01960784313725,63.63636363636363,57.14285714285714,0,CAGTTGATGGCCAGAGACAG,20,TRUE,11,0.6,TRUE,Medium,ViennaRNA,Success
2:178722825,2:178722825-178722825,G,A,GAGTTGGCCGTAATTTGGTATCTCCTTTGTACCAAGACACTGTAATTTCTG,26,,-8.8,41.17647058823529,36.36363636363637,42.857142857142854,0,TGGTATCTCCTTTGTACCAA,20,TRUE,11,0.4,FALSE,Medium,ViennaRNA,Success
10:43119646,10:43119646-43119646,G,A,GCAGTGGAGGCAGCCGCAACTCCAGCTCCCTGGACCACCCGGATGAGCGGG,26,....,-16.3,70.58823529411765,63.63636363636363,66.66666666666666,0,CCGCAACTCCAGCTCCCTGG,20,TRUE,13,0.4,FALSE,High,ViennaRNA,Success
16:89556933,16:89556933-89556933,G,A,AAGGAAGTGATAAACTATGAGGACATTGAGGCTCTCATTGGCCCGCCGCCC,26,..,-7.4,52.94117647058824,54.54545454545454,47.61904761904761,0,TGAGGACATTGAGGCTCTCA,20,TRUE,9,0.8,TRUE,Medium,ViennaRNA,Success
2:178770234,2:178770234-178770234,G,A,CTCTTATGGAACCATTTTACTGGAACAGTGTCATGGGAAACACTAACTTCA,26,.,-7.5,39.21568627450981,45.45454545454545,42.857142857142854,0,TTTACTGGAACAGTGTCATG,20,TRUE,11,0.2,FALSE,Medium,ViennaRNA,Success
2:178586727,2:178586727-178586727,G,A,CCATCGATTTTAGCACCTCCATCACGTAGGGGAGGTAACCAGGCTAAGGTG,26,......,-14.9,52.94117647058824,54.54545454545454,61.904761904761905,0,CCTCCATCACGTAGGGGAGG,20,TRUE,11,1,TRUE,High,ViennaRNA,Success
2:178795030,2:178795030-178795030,G,A,TGGTCACTTGCTCCTGGACACCGTATCTCCCTTCCCATCTCTCTTCTGTCC,26,...............,-2.7,54.90196078431373,63.63636363636363,61.904761904761905,0,GGACACCGTATCTCCCTTCC,20,TRUE,11,0.6,TRUE,Low,ViennaRNA,Success
5:112838399,5:112838399-112838399,G,A,CTGCCCATACACATTCAAACACTTACAATTTCACTAAGTCGGAAAATTCAA,26,.............,-0.8,35.294117647058826,18.181818181818183,28.57142857142857,0,TTCAAACACTTACAATTTCA,20,TRUE,13,0.6,TRUE,Low,ViennaRNA,Success
5:149042718,5:149042718-149042718,G,A,CCTTCCTGTATCAGGAGTCCCAGGTATATTGTTTCCAGGTGTTTATCATCT,26,,-8.3,43.13725490196079,36.36363636363637,42.857142857142854,0,TCCCAGGTATATTGTTTCCA,20,TRUE,9,0.4,FALSE,Medium,ViennaRNA,Success
12:102844359,12:102844359-102844359,G,A,ACCTGTAATTCACCAAAGGATGACAGGAGCCCAGCACCATATGCCTTTATG,26,.,-9.8,47.05882352941176,63.63636363636363,57.14285714285714,0,AAGGATGACAGGAGCCCAGC,20,TRUE,11,0.2,FALSE,Medium,ViennaRNA,Success
19:1222013,19:1222013-1222013,G,A,GGCAGATCCGGCAGCACAGGTGAGCGGCCCCTGGGGGCAGTGGGGCCGAGG,26,.,-16.1,76.47058823529412,81.81818181818183,76.19047619047619,0,ACAGGTGAGCGGCCCCTGGG,20,TRUE,11,0.4,FALSE,High,ViennaRNA,Success
19:35033654,19:35033654-35033654,G,A,ACAACCACTCGGGCGACTACGAGTGCCACGTCTACCGCCTGCTCTTCTTCG,26,.........,-9.4,60.78431372549019,63.63636363636363,57.14285714285714,0,CGACTACGAGTGCCACGTCT,20,TRUE,13,0.6,TRUE,Medium,ViennaRNA,Success
X:154532257,X:154532257-154532257,G,A,CTGGTGCAGCAGTGGGGTGAAAATACGCCAGGCCTCACGGAGCTCGTCGCT,26,..,-13.9,62.745098039215684,45.45454545454545,57.14285714285714,0,TGAAAATACGCCAGGCCTCA,20,TRUE,9,0.6,TRUE,High,ViennaRNA,Success
16:3247166,16:3247166-3247166,G,A,CCACGTCCTCCAGTGAGGCCACAAAGAAATGCTCTTGCTGCTCCAGGAAGT,26,..,-11,54.90196078431373,27.27272727272727,42.857142857142854,0,AGGCCACAAAGAAATGCTCT,20,TRUE,11,0.6,TRUE,High,ViennaRNA,Success
11:5226971,11:5226971-5226971,G,A,CACCAACTTCATCCACGTTCACCTTGCCCCACAGGGCAGTAACGGCAGACT,26,...............,-11,56.86274509803921,63.63636363636363,66.66666666666666,0,CGTTCACCTTGCCCCACAGG,20,TRUE,11,0.4,FALSE,High,ViennaRNA,Success
2:178729332,2:178729332-178729332,G,A,ACTGCATGAGCAGCTGCCGCCTTCATTGGATACAATGCACTGGTATTCCCC,26,.,-12.8,52.94117647058824,36.36363636363637,47.61904761904761,0,CTGCCGCCTTCATTGGATAC,20,TRUE,13,0.4,FALSE,High,ViennaRNA,Success
2:178548725,2:178548725-178548725,G,A,CTGTTGTATGGATATCAGCCCGAAGGCTAAGGTTAGAGTCTGGTTTGCTCC,26,.........,-7.5,49.01960784313725,54.54545454545454,57.14285714285714,0,CAGCCCGAAGGCTAAGGTTA,20,TRUE,11,0.6,TRUE,Medium,ViennaRNA,Success
2:178557385,2:178557385-178557385,G,A,GTTGTGACTTTGAAGTGAGTTGTGCGGATGACCAGTTTGTTGGCTTTTTGC,26,.....,-7.7,45.09803921568628,54.54545454545454,52.38095238095239,0,AGTGAGTTGTGCGGATGACC,20,TRUE,13,0.6,TRUE,Medium,ViennaRNA,Success
2:21010227,2:21010227-21010227,G,A,TAAATTTACACGGATATGATAGTGCTCATCAAGACTTTTTAATTTTTCAAT,26,........,-1.2,25.49019607843137,45.45454545454545,38.095238095238095,0,ATGATAGTGCTCATCAAGAC,20,TRUE,11,0.4,FALSE,Low,ViennaRNA,Success
2:214730457,2:214730457-214730457,G,A,GCTTCTGCGTGGACCTTCAGGAATTTCATACTTTTCTTCCTGTTCACATAC,26,,-10.5,43.13725490196079,27.27272727272727,28.57142857142857,0,TTCAGGAATTTCATACTTTT,20,TRUE,11,0.4,FALSE,High,ViennaRNA,Success
11:108295002,11:108295002-108295002,G,A,AAGACTTGAAGGACTAAAGGATCTTCGAAGACAACTGGAACTACATAAAGA,26,.....,-4.4,37.254901960784316,36.36363636363637,38.095238095238095,0,AGGATCTTCGAAGACAACTG,20,TRUE,9,0.4,FALSE,Low,ViennaRNA,Success
7:117665577,7:117665577-117665577,G,A,CCAACAATTTTTGGTGAGTCTTTATAACTTTACTTAAGATCTCATTGCCCT,26,............,-6.7,33.33333333333333,9.090909090909092,23.809523809523807,0,GAGTCTTTATAACTTTACTT,20,TRUE,11,0.6,TRUE,Medium,ViennaRNA,Success
7:116699228,7:116699228-116699228,G,A,AGTATCAGCTTCCCAACTTCACCGCGGAAACACCCATCCAGAATGTCATTC,26,.........................,-2,49.01960784313725,63.63636363636363,57.14285714285714,0,ACTTCACCGCGGAAACACCC,20,TRUE,11,0.2,FALSE,Low,ViennaRNA,Success
2:178632291,2:178632291-178632291,G,A,GAGACCGACCTGGTGGTGTGTAGGCGCTGGTCATTCTTGAACCATTTAACT,26,,-11.6,50.98039215686274,63.63636363636363,57.14285714285714,0,TGGTGTGTAGGCGCTGGTCA,20,TRUE,13,0.4,FALSE,High,ViennaRNA,Success
19:50416623,19:50416623-50416623,G,A,CCTCTCCTGCAGGGGGGGACCACACGCGCTGCAAGACGGTGCTCACGGGCA,26,,-19.1,70.58823529411765,72.72727272727273,66.66666666666666,0,GGGGGACCACACGCGCTGCA,20,TRUE,13,0.4,FALSE,High,ViennaRNA,Success
2:178775871,2:178775871-178775871,G,A,TTCTGTTCTGCGCTTGAATTTACTGCGCAGCTCTTCCGACTCTTCAGGCAC,26,.......,-9.4,50.98039215686274,63.63636363636363,47.61904761904761,0,GAATTTACTGCGCAGCTCTT,20,TRUE,11,0.2,FALSE,Medium,ViennaRNA,Success
13:32338925,13:32338925-32338925,G,A,GATCAAAGAACCTACTCTATTGGGTTTTCATACAGCTAGCGGGAAAAAAGT,26,......,-6.4,39.21568627450981,36.36363636363637,38.095238095238095,0,TATTGGGTTTTCATACAGCT,20,TRUE,9,0.4,FALSE,Medium,ViennaRNA,Success
15:27983383,15:27983383-27983383,G,A,TCTTGGTTGGAAACAATAATGACATTTGGAGGGTCCCCGATGGCAGTGGCA,26,,-7.3,49.01960784313725,45.45454545454545,42.857142857142854,0,CAATAATGACATTTGGAGGG,20,TRUE,13,0.4,FALSE,Medium,ViennaRNA,Success
2:178537050,2:178537050-178537050,G,A,AGCCAGCATTTTCTGTGAGGTTCACAATTCTACAGGTTGTCACTGAGATGG,26,.............,-7.5,45.09803921568628,27.27272727272727,42.857142857142854,0,TGTGAGGTTCACAATTCTAC,20,TRUE,13,0.4,FALSE,Medium,ViennaRNA,Success
2:178778905,2:178778905-178778905,G,A,CTGCTCACTGGCTCTAGTGTGGGAATGTAAGTCGGAGCTCCAAGTGGTGCA,26,.,-13,54.90196078431373,45.45454545454545,47.61904761904761,0,CTAGTGTGGGAATGTAAGTC,20,TRUE,13,0.2,FALSE,High,ViennaRNA,Success
2:178727190,2:178727190-178727190,G,A,CCTCAGTACTGAGATTGTTCATCTGTATGACGGCCACTGAGTCAATGAAAG,26,.,-7.5,45.09803921568628,36.36363636363637,47.61904761904761,0,TGTTCATCTGTATGACGGCC,20,TRUE,11,0.2,FALSE,Medium,ViennaRNA,Success
2:178575317,2:178575317-178575317,G,A,TTCTCCCCGCGCTGTTCACTGCCATCACTTGGAAGGTATATTCCTCTCCTT,26,..........,-6.7,50.98039215686274,54.54545454545454,52.38095238095239,0,ACTGCCATCACTTGGAAGGT,20,TRUE,9,0.4,FALSE,Medium,ViennaRNA,Success
11:108317374,11:108317374-108317374,G,A,AAAAACAAAATAACTCCTGTTTAGGCCTTGCAGAATTTGGGACTCTGCCAT,26,..,-5.5,39.21568627450981,54.54545454545454,47.61904761904761,0,CTCCTGTTTAGGCCTTGCAG,20,TRUE,13,0.6,TRUE,Medium,ViennaRNA,Success
2:178557685,2:178557685-178557685,G,A,TGACAGTCACACAAGCTGAATCTATATGATCACTGATGCCAAAGCGGTTTT,26,...,-4.7,41.17647058823529,27.27272727272727,33.33333333333333,0,CTGAATCTATATGATCACTG,20,TRUE,11,0.4,FALSE,Low,ViennaRNA,Success
2:178573508,2:178573508-178573508,G,A,CTGCAAGCACAGGCTCTGATTCCAGTGGCTCTCCCACTCCATATTTATTTA,26,...,-6.6,47.05882352941176,63.63636363636363,57.14285714285714,0,CTGATTCCAGTGGCTCTCCC,20,TRUE,11,0.4,FALSE,Medium,ViennaRNA,Success
2:178574099,2:178574099-178574099,G,A,AAGTGATAGCATCAGATGGCTCAGATGGTGGACTGATGGCACCTGCAGCAT,26,.........,-9.1,50.98039215686274,54.54545454545454,52.38095238095239,0,ATGGCTCAGATGGTGGACTG,20,TRUE,11,0.4,FALSE,Medium,ViennaRNA,Success
2:178574192,2:178574192-178574192,G,A,GGCCACTGACTGTAAATTCATTCTCCAAAATGTTGCTGAAGTTGGCCTTCA,26,,-11.6,43.13725490196079,27.27272727272727,33.33333333333333,0,AAATTCATTCTCCAAAATGT,20,TRUE,13,0.8,TRUE,High,ViennaRNA,Success
17:43091690,17:43091690-43091690,G,A,GTTTCCTCACTAAGGTGATGTTCCTGAGATGCCTTTGCCAATATTACCTGG,26,............,-10.7,45.09803921568628,45.45454545454545,42.857142857142854,0,GGTGATGTTCCTGAGATGCC,20,TRUE,13,0.4,FALSE,High,ViennaRNA,Success
3:10149822,3:10149822-10149822,G,A,GAAAGAGCGATGCCTCCAGGTTGTCCGGAGCCTAGTCAAGCCTGAGAATTA,26,...,-9.4,52.94117647058824,63.63636363636363,61.904761904761905,0,CCAGGTTGTCCGGAGCCTAG,20,TRUE,11,0.8,TRUE,Medium,ViennaRNA,Success
7:117530983,7:117530983-117530983,G,A,GGATAACAAGGAGGAACGCTCTATCGCGATTTATCTAGGCATAGGCTTATG,26,.........,-7.7,45.09803921568628,45.45454545454545,42.857142857142854,0,GAACGCTCTATCGCGATTTA,20,TRUE,13,0.4,FALSE,Medium,ViennaRNA,Success
13:32341011,13:32341011-32341011,G,A,GTTTGTTCTACTTACTCCAAAGATTCAGAAAACTACTTTGAAACAGAAGCA,26,.......................,-2.1,33.33333333333333,27.27272727272727,33.33333333333333,0,CAAAGATTCAGAAAACTACT,20,TRUE,9,0.4,FALSE,Low,ViennaRNA,Success
3:15645468,3:15645468-15645468,G,A,GCTGGTGACGGCGGCTCTCTATGGGCGCTTGTATGAGAGGGACTAGGAAAA,26,,-13.6,56.86274509803921,63.63636363636363,47.61904761904761,0,TCTATGGGCGCTTGTATGAG,20,TRUE,9,0.4,FALSE,High,ViennaRNA,Success
16:23630219,16:23630219-23630219,G,A,TACAGCTTCCCTCTTTAAGATGTCTCTCTCCAAACATTTTTGACTCAAAGG,26,............,-2.4,39.21568627450981,54.54545454545454,38.095238095238095,0,TTTAAGATGTCTCTCTCCAA,20,TRUE,13,0.6,TRUE,Low,ViennaRNA,Success
12:112450359,12:112450359-112450359,G,A,ACCCACATCAAGATTCAGAACACTGGTGATTACTATGACCTGTATGGAGGG,26,.,-7.7,45.09803921568628,45.45454545454545,38.095238095238095,0,CAGAACACTGGTGATTACTA,20,TRUE,11,0.6,TRUE,Medium,ViennaRNA,Success
12:102840472,12:102840472-102840472,G,A,ACCTCAATCCTTTGGGTGTATGGGTCGTAGCGAACTGAGAAGGGCCGAGGT,26,,-12.5,54.90196078431373,63.63636363636363,52.38095238095239,0,GTGTATGGGTCGTAGCGAAC,20,TRUE,11,0.4,FALSE,High,ViennaRNA,Success
13:32337387,13:32337387-32337387,G,A,CACAGTTTTGGAGGTAGCTTCAGAACAGCTTCAAATAAGGAAATCAAGCTC,26,....,-11.9,41.17647058823529,45.45454545454545,38.095238095238095,0,GTAGCTTCAGAACAGCTTCA,20,TRUE,13,0.2,FALSE,High,ViennaRNA,Success
X:38286762,X:38286762-38286762,G,A,TTCTCCCTCCTTCTCTTCTTCCTCTTCTCTGTCTCCCTCCTCTTCTTCTCC,26,...................................................,0,50.98039215686274,54.54545454545454,47.61904761904761,0,TTCTTCCTCTTCTCTGTCTC,20,TRUE,11,0,FALSE,Low,ViennaRNA,Success
11:108247086,11:108247086-108247086,G,A,TTCAGGATTTCGTAATATTGCCGTCAAAGAAAATTTGATTGAATTGATGGC,26,...................,-8.3,33.33333333333333,45.45454545454545,28.57142857142857,0,TATTGCCGTCAAAGAAAATT,20,TRUE,11,0.6,TRUE,Medium,ViennaRNA,Success
11:5226970,11:5226970-5226970,G,A,CCACCAACTTCATCCACGTTCACCTTGCCCCACAGGGCAGTAACGGCAGAC,26,................,-11,58.82352941176471,72.72727272727273,61.904761904761905,0,ACGTTCACCTTGCCCCACAG,20,TRUE,11,0.4,FALSE,High,ViennaRNA,Success
14:23404731,14:23404731-23404731,G,A,GGCACCTTGTTCGCATTGGCATTGTCCTTCTTGCCACGGTCACCTATGGCT,26,,-9.6,54.90196078431373,36.36363636363637,47.61904761904761,0,CATTGGCATTGTCCTTCTTG,20,TRUE,13,0.4,FALSE,Medium,ViennaRNA,Success
2:178569410,2:178569410-178569410,G,A,ATGTAAGCGTATATTTTCCACTATCATATCGGTTGACATTGTCAAGAACAA,26,,-3,33.33333333333333,36.36363636363637,38.095238095238095,0,TTCCACTATCATATCGGTTG,20,TRUE,11,0.2,FALSE,Low,ViennaRNA,Success
2:178777435,2:178777435-178777435,G,A,CTCATTTTACCTTCCACAGTTAAAATCACTGAAATTGAAGATCTGCCTGCC,26,..........,-3.5,39.21568627450981,27.27272727272727,23.809523809523807,0,ACAGTTAAAATCACTGAAAT,20,TRUE,11,0.2,FALSE,Low,ViennaRNA,Success
2:178577205,2:178577205-178577205,G,A,ACATTACTGATTTCAACAGGACCTGGGGGACCAGGTACATCAAGGACTGTT,26,......,-11.4,47.05882352941176,72.72727272727273,66.66666666666666,0,ACAGGACCTGGGGGACCAGG,20,TRUE,11,0.6,TRUE,High,ViennaRNA,Success
8:67483807,8:67483807-67483807,G,A,TTCCAGTTTCTATTGGCATCCACTCCACGGCAGCGAAACCTTGAGTTCCTT,26,..,-6.3,49.01960784313725,72.72727272727273,66.66666666666666,0,TGGCATCCACTCCACGGCAG,20,TRUE,13,0.4,FALSE,Medium,ViennaRNA,Success
17:35106469,17:35106469-35106469,G,A,AATGCATGCACCACCTGGATCCTCCGGAGAGCTTCTGCCTGAAGCGGTGGA,26,........,-15.3,58.82352941176471,72.72727272727273,57.14285714285714,0,GATCCTCCGGAGAGCTTCTG,20,TRUE,9,0.2,FALSE,High,ViennaRNA,Success
2:178553579,2:178553579-178553579,G,A,TCCAGCACAGTTTACAGCAGATACCCGGAAGTAGTAATTGACTCCAGGTTT,26,......................,-6.2,45.09803921568628,54.54545454545454,47.61904761904761,0,AGCAGATACCCGGAAGTAGT,20,TRUE,11,0.4,FALSE,Medium,ViennaRNA,Success
2:178564277,2:178564277-178564277,G,A,CAAAAGTCTCTCCTGCATGAACAACGATGACATCTTTATATTTTGGATCCA,26,,-3.6,37.254901960784316,45.45454545454545,38.095238095238095,0,TGAACAACGATGACATCTTT,20,TRUE,9,0.2,FALSE,Low,ViennaRNA,Success
2:178549089,2:178549089-178549089,G,A,AATTATTTCCATGCCACCATCAAACACTGGTTTGGACCATTCTAAGCTCAC,26,.......,-7.9,41.17647058823529,45.45454545454545,42.857142857142854,0,CCACCATCAAACACTGGTTT,20,TRUE,13,0.6,TRUE,Medium,ViennaRNA,Success
2:178591235,2:178591235-178591235,G,A,GGAACATCAAGAACAGTAAGATGTACGGCTACTGTTTTGCTACCGGCTGCA,26,.........,-8.9,47.05882352941176,45.45454545454545,42.857142857142854,0,AAGATGTACGGCTACTGTTT,20,TRUE,9,0.4,FALSE,Medium,ViennaRNA,Success
10:43106382,10:43106382-43106382,G,A,CGCCCTCTGCATCCTGCAGGACACCGTGGTGGCCACGCTGCGTGTCTTCGA,26,......,-18.9,66.66666666666666,63.63636363636363,71.42857142857143,0,AGGACACCGTGGTGGCCACG,20,TRUE,9,0.2,FALSE,High,ViennaRNA,Success
2:178718126,2:178718126-178718126,G,A,GTGTGTTCTTTATACCAAGAAATTCTAATTTCTGGAGTTCCATCCACTTTA,26,,-7.3,33.33333333333333,9.090909090909092,28.57142857142857,0,CAAGAAATTCTAATTTCTGG,20,TRUE,11,0.8,TRUE,Medium,ViennaRNA,Success
16:53686524,16:53686524-53686524,G,A,CTCAACTGAGTTTTCAGGATCTCAGCCAAGTGCTCTAACTCCTCTATCTGG,26,.....,-5.5,47.05882352941176,54.54545454545454,52.38095238095239,0,TCAGGATCTCAGCCAAGTGC,20,TRUE,13,0.4,FALSE,Medium,ViennaRNA,Success
6:7585867,6:7585867-7585867,G,A,TTCCTACTCATTTAGCAGTAGTTCTATTGGGCACTAGTAGTCAGTTGGGAG,26,.,-10.6,43.13725490196079,45.45454545454545,42.857142857142854,0,GTAGTTCTATTGGGCACTAG,20,TRUE,9,0.8,TRUE,High,ViennaRNA,Success
2:219418870,2:219418870-219418870,G,A,TCCTGGAGCAGCAGAACGCGGCGCTCGCCGCCGAAGTGAACCGGCTCAAGG,26,.,-17.7,68.62745098039215,90.9090909090909,80.95238095238095,0,GAACGCGGCGCTCGCCGCCG,20,TRUE,13,0.4,FALSE,High,ViennaRNA,Success
1:237445448,1:237445448-237445448,G,A,ACATGGATGATGGCATAAGTTTGTCGAGATCCCAGCATGAAGAATCACGCA,26,....,-11.9,45.09803921568628,45.45454545454545,47.61904761904761,0,AGTTTGTCGAGATCCCAGCA,20,TRUE,9,0.4,FALSE,High,ViennaRNA,Success
2:178632298,2:178632298-178632298,G,A,ACCTGGTGGTGTGTAGGCGCTGGTCATTCTTGAACCATTTAACTCGGATGT,26,.,-9.1,49.01960784313725,36.36363636363637,57.14285714285714,0,CGCTGGTCATTCTTGAACCA,20,TRUE,9,0.4,FALSE,Medium,ViennaRNA,Success
2:47476409,2:47476409-47476409,G,A,AAATCAACATATATTCGACAAACTGGGGTGATAGTACTCATGGCCCAAATT,26,.......................,-6.7,37.254901960784316,54.54545454545454,47.61904761904761,0,TTCGACAAACTGGGGTGATA,20,TRUE,13,0.4,FALSE,Medium,ViennaRNA,Success
2:178723228,2:178723228-178723228,G,A,AAAACCATCCTTTTTCCAAGTGACAGAAATTGGAAGTGTTCCAGTGTAGGT,26,......................,-5.7,39.21568627450981,27.27272727272727,42.857142857142854,0,AAGTGACAGAAATTGGAAGT,20,TRUE,9,0.4,FALSE,Medium,ViennaRNA,Success
1:216289375,1:216289375-216289375,G,A,GCCGAAGGATCTGCACCAACTTGTCGGAAAAAGTAATCCTTGCACAGCTCA,26,,-7.3,49.01960784313725,36.36363636363637,38.095238095238095,0,CACCAACTTGTCGGAAAAAG,20,TRUE,13,0.2,FALSE,Medium,ViennaRNA,Success
13:32398437,13:32398437-32398437,G,A,CACCAAGGAGTTGTGGCACCAAATACGAAACACCCATAAAGAAAAAAGAAC,26,......,-2.6,41.17647058823529,27.27272727272727,47.61904761904761,0,GCACCAAATACGAAACACCC,20,TRUE,11,0.2,FALSE,Low,ViennaRNA,Success
3:38551441,3:38551441-38551441,G,A,CATCATGAGGGCAAAGAGCAGCGTGCGGATCCCCTTGGCCCCTCGGATCAG,26,.,-10.7,62.745098039215684,72.72727272727273,66.66666666666666,0,AAGAGCAGCGTGCGGATCCC,20,TRUE,13,0.4,FALSE,High,ViennaRNA,Success
9:105601145,9:105601145-105601145,G,A,CGAGAATTCTTTTTCTCTCAAACAGCGTGCAGTTAAAAAATTTATTATGTT,26,.,-5.8,29.411764705882355,54.54545454545454,42.857142857142854,0,TCAAACAGCGTGCAGTTAAA,20,TRUE,9,0.6,TRUE,Medium,ViennaRNA,Success
1:42930743,1:42930743-42930743,G,A,TGGGCACGAAGCCTGTGGTCAGGCCGCAGTACACACCGATGATGAAGCGGC,26,,-12.6,62.745098039215684,63.63636363636363,61.904761904761905,0,TGTGGTCAGGCCGCAGTACA,20,TRUE,13,0.6,TRUE,High,ViennaRNA,Success
7:117594945,7:117594945-117594945,G,A,TTTTATTCAGGAGTGCTTTTTTGATGATATGGAGAGCATACCAGCAGTGAC,26,.........,-10.4,39.21568627450981,27.27272727272727,33.33333333333333,0,TGCTTTTTTGATGATATGGA,20,TRUE,13,0.6,TRUE,High,ViennaRNA,Success
1:237566732,1:237566732-237566732,G,A,CGTCCTGGTTGTCAACCGGATCAGGAGCTTGGCTCAGATGAACGTGCCTTT,26,..,-13.3,54.90196078431373,54.54545454545454,61.904761904761905,0,CCGGATCAGGAGCTTGGCTC,20,TRUE,11,0.2,FALSE,High,ViennaRNA,Success
15:38351373,15:38351373-38351373,G,A,AAAGGTTTAATCATGAAGAAAATGTTAGGGGAAAATGTCAGGATGCTCCAG,26,.....,-3.4,37.254901960784316,45.45454545454545,28.57142857142857,0,TGAAGAAAATGTTAGGGGAA,20,TRUE,13,0.2,FALSE,Low,ViennaRNA,Success
12:57750663,12:57750663-57750663,G,A,GGTATGTGGGTCCCATACTTTCGACGAAACATCTCTGCAAAGATACAGCCA,26,,-5.2,47.05882352941176,45.45454545454545,38.095238095238095,0,TACTTTCGACGAAACATCTC,20,TRUE,11,0.4,FALSE,Medium,ViennaRNA,Success
11:108301760,11:108301760-108301760,G,A,GACAACAGATCCAATGCTGGCCTATCTACAGCCTTTTAGAACATCAAGAAA,26,...............,-4.5,41.17647058823529,45.45454545454545,52.38095238095239,0,GCTGGCCTATCTACAGCCTT,20,TRUE,11,0.2,FALSE,Low,ViennaRNA,Success
X:32573814,X:32573814-32573814,G,A,AAAGAACCCAGCGGTCTTCTGTCCATCTACAGATGTTTGCCCATCGATCTC,26,..........,-7.5,49.01960784313725,45.45454545454545,42.857142857142854,0,CTTCTGTCCATCTACAGATG,20,TRUE,11,0.8,TRUE,Medium,ViennaRNA,Success
5:112838946,5:112838946-112838946,G,A,TTCAGAAACAAATCGAGTGGGTTCTAATCATGGAATTAATCAAAATGTAAG,26,.......,-4.8,31.372549019607842,27.27272727272727,38.095238095238095,0,CGAGTGGGTTCTAATCATGG,20,TRUE,13,0.4,FALSE,Low,ViennaRNA,Success
6:51903997,6:51903997-51903997,G,A,ATTTACATATTTACCATCTTTCCTTCCATGAATTGCCTCCCAGGAGATATA,26,..................,-3,35.294117647058826,45.45454545454545,38.095238095238095,0,ATCTTTCCTTCCATGAATTG,20,TRUE,11,0.4,FALSE,Low,ViennaRNA,Success
2:178800436,2:178800436-178800436,G,A,AGCAGTCGAAGTAGCTCTTCCAACGCTATTGGTGGCATTTACTGAATAGGT,26,..,-8.3,45.09803921568628,45.45454545454545,52.38095238095239,0,TTCCAACGCTATTGGTGGCA,20,TRUE,9,0.8,TRUE,Medium,ViennaRNA,Success
13:32339623,13:32339623-32339623,G,A,GCTATTCCTACCATTCTGATGAGGTATATAATGATTCAGGATATCTCTCAA,26,................,-7,35.294117647058826,27.27272727272727,28.57142857142857,0,CTGATGAGGTATATAATGAT,20,TRUE,11,0.6,TRUE,Medium,ViennaRNA,Success
18:31546707,18:31546707-31546707,G,A,CCATAACCACATCTTCCACCAGAGTTACCAAGCATAGCACTGTACAGCATT,26,...................,-2.8,45.09803921568628,36.36363636363637,47.61904761904761,0,CCACCAGAGTTACCAAGCAT,20,TRUE,11,0.2,FALSE,Low,ViennaRNA,Success
2:178532364,2:178532364-178532364,G,A,TTTGGCTGTCTGTACGCAGCCTGGGCATGCCGTTCCCTCAGTTCTGCATAA,26,...,-11.4,54.90196078431373,72.72727272727273,71.42857142857143,0,ACGCAGCCTGGGCATGCCGT,20,TRUE,13,0.6,TRUE,High,ViennaRNA,Success
11:108326138,11:108326138-108326138,G,A,TCTCTGAGTGGCAGCTGGAAGAAGCACAAGTATTCTGGGCAAAAAAGGAGC,26,.,-7.5,49.01960784313725,45.45454545454545,38.095238095238095,0,GAAGAAGCACAAGTATTCTG,20,TRUE,9,0.4,FALSE,Medium,ViennaRNA,Success
13:32333046,13:32333046-32333046,G,A,ACTTTCAATGCAAGTTTTTCAGGTCATATGACTGATCCAAACTTTAAAAAA,26,...........,-6.7,29.411764705882355,36.36363636363637,33.33333333333333,0,TTTTCAGGTCATATGACTGA,20,TRUE,11,0.2,FALSE,Medium,ViennaRNA,Success
2:47410109,2:47410109-47410109,G,A,TTTTACTTAGGCTTCTCCTGGCAATCTCTCTCAGTTTGAAGACATTCTCTT,26,...........,-3.9,39.21568627450981,45.45454545454545,47.61904761904761,0,TCCTGGCAATCTCTCTCAGT,20,TRUE,11,0.2,FALSE,Low,ViennaRNA,Success
7:5977596,7:5977596-5977596,G,A,AGGCTTTCTTTACTTACCGACTTCCGGCAGGCTCTGGAGGCAAACATCTGC,26,..,-11.6,52.94117647058824,72.72727272727273,66.66666666666666,0,ACCGACTTCCGGCAGGCTCT,20,TRUE,11,0.4,FALSE,High,ViennaRNA,Success
17:61801348,17:61801348-61801348,G,A,TCTCGGGCTGTGTAATATGGACAGGCCTTTAGTTTCTTCCCCAGGCTGACA,26,....,-11.5,50.98039215686274,45.45454545454545,42.857142857142854,0,AATATGGACAGGCCTTTAGT,20,TRUE,13,0.6,TRUE,High,ViennaRNA,Success
11:6392060,11:6392060-6392060,G,A,ACACCTGTCAATAGCTTCCCTCCCCCCTTCATTGAGGGCAACCACTCCTCC,26,.................,-5.8,56.86274509803921,63.63636363636363,57.14285714285714,0,CCCTCCCCCCTTCATTGAGG,20,TRUE,9,0.4,FALSE,Medium,ViennaRNA,Success
16:3770722,16:3770722-3770722,G,A,ACTGTAGGGGTGCTCTGGGTTTGGGTAGCACTGGGCACTGAGCCAGGAGTC,26,.,-14.9,60.78431372549019,54.54545454545454,61.904761904761905,0,TCTGGGTTTGGGTAGCACTG,20,TRUE,13,0.2,FALSE,High,ViennaRNA,Success
2:178782957,2:178782957-178782957,G,A,TTATCTGGAAGTCAATGGAACTTTCGATTTGGTAGTCTTCCCTGTACCATG,26,..,-8.3,41.17647058823529,36.36363636363637,38.095238095238095,0,GAACTTTCGATTTGGTAGTC,20,TRUE,9,0.4,FALSE,Medium,ViennaRNA,Success
19:1220598,19:1220598-1220598,G,A,CGCCACAGGCACTGCACCCGTTCGCGGCGGACGACACCTGCCGGACCAGCC,26,.,-13,74.50980392156863,72.72727272727273,71.42857142857143,0,GCACCCGTTCGCGGCGGACG,20,TRUE,13,0.4,FALSE,High,ViennaRNA,Success
15:72346551,15:72346551-72346551,G,A,CCTTCAAATGCCAGGGGTTCCACTATGTAGAAATCCTTCCAGTCAGGGCCA,26,,-7.4,50.98039215686274,36.36363636363637,42.857142857142854,0,GGTTCCACTATGTAGAAATC,20,TRUE,11,0.6,TRUE,Medium,ViennaRNA,Success
2:73448563,2:73448563-73448563,G,A,CATGTAGAGGACCTCCTCTTTTTCTATCGACAGACCTTGCCAGATGGTCAT,26,.....,-10.9,47.05882352941176,36.36363636363637,42.857142857142854,0,CTCTTTTTCTATCGACAGAC,20,TRUE,11,0.6,TRUE,High,ViennaRNA,Success
11:2570685,11:2570685-2570685,G,A,GTACGTGGTCCGCCTCTGGTCCGCCGGCTGCCGCAGCAAGTACGTGGGCCT,26,....,-15.9,70.58823529411765,90.9090909090909,80.95238095238095,0,GGTCCGCCGGCTGCCGCAGC,20,TRUE,9,0.6,TRUE,High,ViennaRNA,Success
7:117602865,7:117602865-117602865,G,A,GGTTGTGCTGTGGCTCCTTGGAAAGTGAGTATTCCATGTCCTATTGTGTAG,26,,-7.6,47.05882352941176,36.36363636363637,42.857142857142854,0,TTGGAAAGTGAGTATTCCAT,20,TRUE,9,0.8,TRUE,Medium,ViennaRNA,Success
11:108268460,11:108268460-108268460,G,A,ATATCTGTCAAAGCAAGATCTACTTTTCTTAGACATGCTCAAGTTCTTGTG,26,.....,-4.8,35.294117647058826,18.181818181818183,28.57142857142857,0,AGATCTACTTTTCTTAGACA,20,TRUE,11,0.2,FALSE,Low,ViennaRNA,Success
17:43071101,17:43071101-43071101,G,A,CTCTGGGCAGATTCTGCAACTTTCAATTGGGGAACTTTCAATGCAGAGGTT,26,,-10.8,45.09803921568628,36.36363636363637,42.857142857142854,0,AACTTTCAATTGGGGAACTT,20,TRUE,9,0.8,TRUE,High,ViennaRNA,Success
20:18510875,20:18510875-18510875,G,A,GGAGTTCATCCAGCAGAATGAAGAACGGGATGGTGTGCGTTTTAGTTGGAA,26,........,-12.7,47.05882352941176,45.45454545454545,47.61904761904761,0,GAATGAAGAACGGGATGGTG,20,TRUE,11,0.2,FALSE,High,ViennaRNA,Success
16:23635115,16:23635115-23635115,G,A,TAGTTAATGAGAGAAGTTTCTGAGAGGTTCTTGAACTTGGTTGTCCTGTGC,26,.............,-4.7,41.17647058823529,45.45454545454545,42.857142857142854,0,GTTTCTGAGAGGTTCTTGAA,20,TRUE,11,0.2,FALSE,Low,ViennaRNA,Success
1:42929964,1:42929964-42929964,G,A,GCAGCACGATGCACTGCAGCAGGGCCGGGATGAAGATGATGCTCAGCAGCA,26,,-11.3,60.78431372549019,72.72727272727273,66.66666666666666,0,AGCAGGGCCGGGATGAAGAT,20,TRUE,9,0.4,FALSE,High,ViennaRNA,Success
4:6301470,4:6301470-6301470,G,A,GTCCACCGGCCTGGGGCTGCTCCGCGCCTCCATCGGCTACTTCCTCTTCCT,26,.......,-14,68.62745098039215,81.81818181818183,76.19047619047619,0,GGGCTGCTCCGCGCCTCCAT,20,TRUE,13,0.2,FALSE,High,ViennaRNA,Success
8:1771428,8:1771428-1771428,G,A,GAAAATGTTGCAGTCCACCTGTCCAACTTGATCTTCCGGACATTTGACTTG,26,...........,-8.1,45.09803921568628,45.45454545454545,47.61904761904761,0,CACCTGTCCAACTTGATCTT,20,TRUE,11,0.4,FALSE,Medium,ViennaRNA,Success
19:11024402,19:11024402-11024402,G,A,TCTACCGCCACATGCAGGCCAAGGGCGTGCTGCTGACTGATGGCTCCGAGA,26,......,-13.6,62.745098039215684,63.63636363636363,66.66666666666666,0,GCAGGCCAAGGGCGTGCTGC,20,TRUE,13,0.8,TRUE,High,ViennaRNA,Success
